Null Values,Null String Values,Duplicate Values,Empty Values,Unique Values,Total Records,Time Taken (seconds)
0,0,336,0,663,999,0.0016529560089111328
0,0,882,0,117,999,0.0012059211730957031
0,0,338,0,661,999,0.0011332035064697266
0,0,10,0,989,999,0.0012836456298828125
0,0,538,0,461,999,0.0012340545654296875
0,0,625,0,374,999,0.001107931137084961
0,0,994,0,5,999,0.0011708736419677734
0,0,982,0,17,999,0.0012879371643066406
10,0,938,0,51,999,0.001100778579711914
