Column,Null Values,Null String Values,Duplicate Values,Empty Values,Unique Values,Total Records,Time Taken (seconds)
"Eldon Base for stackable storage shelf, platinum",0,0,336,0,663,999,0.0015537738800048828
Muhammed MacIntyre,0,0,882,0,117,999,0.0014920234680175781
3,0,0,338,0,661,999,0.0011548995971679688
-213.25,0,0,10,0,989,999,0.0012929439544677734
38.94,0,0,538,0,461,999,0.0012481212615966797
35,0,0,625,0,374,999,0.0012309551239013672
Nunavut,0,0,994,0,5,999,0.0016140937805175781
Storage & Organization,0,0,982,0,17,999,0.0017809867858886719
0.8,10,0,938,0,51,999,0.0014269351959228516
